,method,R@5,MAP
0,baseline,0.6357894736842106,0.5612280701754385
1,lucence,0.6971929824561404,0.663766081871345
2,tfidf,0.6687719298245615,0.593157894736842
3,terrier,0.6859649122807018,0.6412280701754386
4,sbert,0.7080701754385965,0.6363508771929824
5,openai,0.7452631578947368,0.6448421052631579
