,method,macro-F1,strict-macro-F1
0,baseline,0.5081585081585082,0.5081585081585082
1,RQ2-nl,0.7919254658385093,0.7919254658385093
2,RQ2-openai,0.8809523809523809,0.8809523809523809
