,method,macro-F1,strict-macro-F1
0,baseline,0.5081585081585082,0.5081585081585082
1,RQ3-nli,0.28703703703703703,0.28703703703703703
2,RQ3-openai,0.3167701863354037,0.3167701863354037
